Genotype,chr4,chr9,MGDG,DGDG,SQDG,PG,PIPE,PC,PG_16_0,PG_16_1,PG_18_0,PG_18_2,PG_18_3,MGDG_16_0,MGDG_18_2,MGDG_18_3,DGDG_16_0,DGDG_18_2,DGDG_18_3,PC_16_0,PC_18_1,PC_18_2,PC_18_3,SQDG_16_0,SQDG_18_0,SQDG_18_1,SQDG_18_2,SQDG_18_3,PEPI_16_0,PEPI_18_1,PEPI_18_2,PEPI_18_3,DGDG/MGDG,LT_DEPI_phi2_81,LT_DEPI_qIt_81,LT_DEPI_qL_81
1,AA,AA,32.67479972,21.10787216,4.714892064,12.78550875,8.947109683,14.53378594,29.858138,32.985609,2.51,3.078698,31.781662,1.42572038,3.046042146,95.83006499,7.979667022,1.226718393,90.00686038,20.02946725,5.829449815,39.57950652,33.06004586,34.34124946,2.971438416,2.67350077,7.952132639,52.1366413,31.51621531,2.727574579,34.21677683,30.20345325,0.645998517,0.518810664,1.539135063,0.52125
2,AA,AA,33.65868681,22.16213552,4.578617071,11.90826979,8.697144561,15.13733599,27.720849,35.725152,2.77,3.044493,26.443989,1.386011023,2.307299981,95.95428093,7.085992443,0.850164307,91.36281752,20.67865074,4.003998309,35.08177692,38.8587655,35.4728446,3.312826675,1.077531973,6.410688013,51.95724435,32.12681418,2.2644573,30.9283886,32.41364298,0.658437319,0.375547565,1.941258244,0.364375
4,AA,BB,31.35703999,22.03548326,5.607614414,10.99148302,9.907516191,15.30644861,26.072732,38.58,2.466,2.58495,24.479395,1.454317848,2.013958073,96.26885438,7.275877554,0.523547218,91.03268323,22.13388777,3.855499395,36.72899839,37.09022175,31.45792742,2.929918256,1.622079734,8.465794451,55.67568326,32.36875718,1.935331865,33.68359518,31.33934088,0.702728423,0.132851172,4.595215009,0.198375
5,AA,BB,34.71751233,25.20243941,4.74714844,11.40616707,10.28080707,15.80307729,29.495141,35.212206,2.4,2.654579,25.41573,1.418101924,2.200147504,96.07672811,8.110991531,0.536615553,90.41545508,20.37481904,3.677406825,36.54006851,37.32745707,36.23257472,3.135967048,0.894493296,5.72593972,53.37096561,32.94140555,1.420544321,32.54393631,32.78502305,0.725928724,0.264330518,2.600429369,0.2644
6,AA,BB,31.9494529,21.37968449,4.728547917,12.4029472,10.50782653,16.63485184,29.933771,34.308466,2.526,2.787746,29.28866,1.555333414,2.292334039,95.9176963,7.476300427,0.681296499,90.68105862,19.33684925,3.690494902,37.38688328,37.51219077,34.06370445,3.189835114,0.884579641,5.678219713,55.6154884,32.62274686,2.171527738,32.5888091,31.39068846,0.669172163,0.323927815,1.998066617,0.31602
7,BB,AA,30.81225222,21.93721297,5.578623092,11.04406911,12.572141,16.34966246,29.18518,34.783473,2.098,2.889896,29.812273,1.554281594,2.487480409,95.24747951,7.603214334,0.883763406,90.67868174,18.64277264,5.251710743,38.34965078,35.10976398,33.93878096,2.798707505,,5.335411138,54.81243992,29.80578362,2.077840282,31.2221754,36.13487941,0.711963956,0.356022821,1.973640803,0.3399
11,BB,BB,31.94467695,19.61417527,5.044247905,12.184213,12.74762638,,32.231139,36.15746,3.1275,2.896108,26.688653,1.608093417,2.478554127,95.31829033,9.165561386,0.955468946,88.01012182,18.73301813,5.068202386,41.07160667,33.05589583,32.94341951,3.226272603,,8.135049305,,30.74547984,2.506442518,33.6763449,31.48843064,0.614004496,0.373924268,2.082079948,0.36258
12,BB,BB,32.18344348,25.04813655,4.503801433,9.821414368,11.51300609,16.78626445,31.093362,36.480383,2.628,2.913545,24.710317,1.020283135,2.113245374,96.11939989,7.459006699,0.714194438,90.40923639,18.32883259,4.488587094,36.47386076,37.12097594,34.41952384,2.929926085,0.72617757,4.400208646,54.48737339,33.10479899,2.138494985,31.49089986,33.56586292,0.77829262,0.370029704,1.975693819,0.361675
13,BB,AA,31.05498089,23.18580034,4.658007057,11.10559145,13.82197516,16.47385786,30.86008,32.242629,2.33,3.280646,28.707844,1.432606777,3.056235447,95.07899106,8.745316399,0.925645074,88.20692801,18.23726995,5.637993682,38.17444261,34.26533053,35.30805517,3.072545296,0.927952951,4.93450121,53.65416479,29.83427914,3.018870747,32.72399655,31.91602784,0.746604882,0.541414498,1.491020311,0.56195
14,AA,BB,31.05301353,19.13058101,4.685570284,11.57593105,9.294176474,14.71355424,29.892542,34.228805,2.7,3.242967,28.797908,1.081827035,2.286662375,96.43748754,7.69612851,0.823192945,89.49067757,18.12849155,4.907158143,40.83017986,34.29332348,34.22280465,2.764137727,1.920932803,8.625466596,49.70466438,29.42913838,2.226274462,34.95410992,32.27851242,0.61606198,0.388965472,1.572618638,0.375516667
17,BB,BB,30.88056421,23.21282803,4.862249641,11.22454867,11.44353473,16.56212528,28.759429,35.564029,2.498,3.139448,30.699328,1.23347384,2.2689145,96.3023035,8.471853122,0.660739074,88.35205585,18.5012461,4.856101094,39.85697467,35.06317173,33.83213472,3.19322152,1.715552278,7.545241599,50.96386963,29.26853986,2.204802329,34.01479141,31.99952858,0.751697018,0.410024972,1.828755485,0.3908
20,BB,BB,33.00331432,21.38370908,4.840949451,10.94543347,12.03097252,17.0636783,30.165484,32.682465,2.3775,3.143263,31.068328,1.14401224,2.626876919,95.12206153,9.409123742,0.75155939,87.02253436,19.17275835,4.616343691,38.64664159,36.86916602,33.57033815,3.026963683,1.33705878,6.751303512,53.71492278,31.10728427,1.663759994,33.23397826,33.93149885,0.64792611,0.46659942,1.695202383,0.461675
21,BB,AA,31.8164767,23.60228257,5.927450099,9.78124238,11.82315849,16.94675306,34.792807,32.223717,2.4275,3.223199,23.657213,0.691265383,2.967016583,94.836443,8.989018405,0.864616942,88.55334604,18.08353375,5.769016597,39.8575535,34.18454811,35.3594395,3.911153348,1.714067048,7.501731195,48.79144744,33.14588027,2.989021741,33.05691439,29.19006228,0.741825778,0.508221422,1.509536405,0.499
23,BB,BB,32.28012463,23.03553063,5.221904361,10.56163303,11.23330692,17.87797807,34.226202,34.19319,2.7025,3.879745,27.69726,1.830752745,3.330394653,94.78907147,7.792661562,0.872226586,90.03691757,17.86095007,5.647392412,40.87502655,33.29083271,35.86452131,3.855639977,1.938797456,10.85005858,45.14550149,30.17841335,2.665852477,35.72626699,28.70758594,0.713613435,0.497462745,1.675098762,0.51656
24,BB,AA,33.60770947,23.30483769,4.899416999,13.02523131,10.9685809,15.99662419,30.546715,33.739452,2.7075,2.740125,28.798382,1.596454744,2.695163747,94.84654074,6.893982293,0.908233749,91.37942768,18.2397997,5.999861414,39.16646189,35.35887274,33.29277511,3.469307743,1.728848008,6.877261468,54.01504722,31.25441678,2.790437983,33.66070196,31.10516405,0.693437252,0.399591232,2.150199649,0.411875
25,AA,AA,34.08307733,22.42490521,5.107306109,11.98492445,10.5011436,16.60630816,32.599095,33.018853,2.3825,3.196828,25.421939,1.252448073,2.739750295,95.54823767,7.633266734,1.115551816,90.26238456,17.79227126,5.113245556,42.49497981,32.95081329,36.92680129,3.506947641,1.779905419,8.014276806,49.09341338,29.52275225,2.036360157,35.6393267,32.27678549,0.657948371,0.497348586,1.434540668,0.4715
26,BB,BB,33.01797173,20.50294986,5.141768989,11.97575225,11.05987503,17.21280675,30.140312,30.671806,2.367109845,2.964457,31.714196,1.542796935,2.494330956,95.24098987,7.910141513,0.756994226,90.19189307,19.2184479,6.078513783,39.38825401,34.57277575,33.62860044,3.395696252,1.897243547,7.257363652,56.24319291,30.44784625,2.904372153,34.08347711,27.88847158,0.620963336,0.510727895,1.622712229,0.51445
27,AA,AA,32.83337523,20.66895194,4.921953003,11.62595537,10.16417956,19.07354878,31.038877,33.331404,2.21,3.34514,28.372747,1.114559929,2.735483218,95.8417877,8.181403425,0.963068816,89.59250301,18.92357387,5.427410796,40.62251535,33.23265524,34.87102723,2.987964758,1.832453144,7.61301485,52.23335307,31.30009931,2.424739364,33.91584659,30.30418352,0.629510423,0.452482135,1.630343208,0.4226
29,AA,BB,33.39599925,23.68127936,5.716614514,12.20067927,10.2409562,18.31063075,31.945375,35.766664,2.518,2.883301,27.128262,1.920830669,2.851267661,94.68021159,8.411888642,0.88147419,89.41967981,19.95594979,5.128030336,39.81387516,32.76637647,34.92332552,3.156445758,2.1043253,7.930033762,40.29969914,30.32322945,2.011086435,33.53264391,29.36519493,0.709105279,0.34206036,2.320133729,0.361125
30,AA,AA,32.2863947,22.97043526,6.188232924,10.59890783,11.43217188,17.04479947,32.59382,32.182435,2.572,3.4105,27.546957,1.708692119,2.879674309,94.32299387,8.673941915,0.852400512,88.02748863,19.60202359,5.625336685,39.88477853,32.27756215,37.18212809,3.423308622,2.122259177,8.336905832,41.34974952,31.58459462,2.393081469,33.5145156,29.15681557,0.711458665,0.498260392,1.416210773,0.48265
31,BB,AA,33.76792557,21.76470751,4.952330721,12.48393388,11.58404748,17.49176926,32.178701,33.111496,2.476,3.487575,27.244618,1.62165016,3.16753215,94.81877529,8.425743591,0.796466918,89.66170484,21.10957922,4.982316629,38.63409707,34.2032921,36.61591637,3.756664839,1.663727145,4.895337066,52.89458832,32.22451686,2.257175866,32.21143595,31.91331397,0.64453789,0.481760435,1.713968569,0.496275
32,BB,AA,31.75948613,23.22181993,5.267397537,11.00998341,10.73873065,16.6403848,30.492186,31.245299,2.153630463,3.793704,30.011468,1.441699754,2.854396733,94.85506368,7.527105429,0.831203206,90.789381,18.31485915,5.410988049,38.78508575,36.00019571,33.94902393,3.295779289,1.929580925,8.780468411,49.77803851,29.78388352,2.748689666,34.45328128,31.53422656,0.731177445,0.546326157,1.501621527,0.570725
33,AA,AA,31.49584198,23.51420513,5.416168826,10.5820627,11.01717758,18.38156391,31.207468,34.01248,2.44,3.739524,29.378226,1.494110824,3.016773319,95.19966411,8.137109098,0.783609475,90.08021404,17.63872802,5.641018874,38.85730237,35.35035433,35.17444647,3.310529426,1.851711658,8.223857165,48.66955866,30.78469936,2.72702341,33.74264317,30.67188896,0.746581252,0.478172742,1.694469724,0.492525
34,BB,BB,33.60902079,22.36966005,4.777932845,9.79070761,10.27011739,16.67237001,32.858073,33.90503,2.24,3.527852,23.932664,1.511159185,2.906386596,94.47855518,8.513680387,0.815312585,89.62667238,17.27763026,5.304695234,40.95881096,33.12957287,35.426411,3.449700114,1.499042842,4.642038263,54.35828691,31.28145961,2.720009424,34.6669634,31.22391799,0.665584998,0.543802441,1.378476734,0.546575
35,BB,AA,32.9906816,22.37364793,5.649456033,11.60385311,10.83800734,14.93508929,32.588608,31.026421,2.076,4.121992,26.714281,1.351439474,3.13291657,94.98096717,7.816400188,0.961221982,90.03849438,17.3198049,6.230890504,40.40990639,32.65721086,34.04103651,2.801723817,2.051116326,8.688266703,45.87193852,30.72734167,2.960190565,35.62143553,29.3848741,0.678180833,0.561056731,1.628398581,0.596
36,BB,BB,31.80462935,22.36940344,5.432689881,11.47072451,10.7650038,17.27180275,30.740019,32.027075,2.5,3.34368,28.288822,1.599129108,3.073975496,94.54248186,8.516429176,0.988761079,88.82866557,19.86916554,5.485627889,38.87139336,33.1952055,34.70244766,2.525737714,2.10632437,7.954133706,41.59959615,32.18261647,2.630816122,32.79157864,29.04784453,0.70333797,0.543619525,1.45895259,0.58684
37,AA,AA,33.93898676,24.96801208,5.594065114,11.28653598,10.17458642,14.04978036,31.424226,33.281716,2.024,3.723947,27.723816,1.503943877,3.142455064,94.59834815,7.761770498,0.993496076,89.0762795,19.40810614,6.031575693,39.10972642,32.65433546,32.31565711,2.816447718,2.265689569,7.507147336,45.68939987,31.80473479,2.643443815,35.42466724,30.35729771,0.735673468,0.488174848,1.9338584,0.4372
39,AA,BB,30.90411326,20.5130589,6.036041791,11.28501377,10.47298747,15.98557896,28.904979,32.219529,2.51,3.7,31.95993,2.057661197,2.846614734,94.52709499,7.671840452,0.677269134,90.59112986,19.09960616,5.017220381,39.12011271,33.90704814,34.03434947,3.641881356,1.876507103,8.782000434,48.51854875,31.1111572,2.144268742,34.70056744,30.54952116,0.663764682,0.466275248,1.464882697,0.422875
41,BB,BB,31.86616248,21.94228852,5.153739358,12.15295441,11.16069659,15.09538257,27.157221,30.044586,2.023250716,3.403008,33.671271,1.763109231,2.794284231,94.10263743,7.918482438,0.857269082,89.9941219,18.93056424,6.147792361,40.59134855,31.16253853,35.27037236,3.413998249,2.255873761,7.782147649,43.36896211,30.78903414,2.697413768,35.44412618,28.09424861,0.688576434,0.526581969,1.648843705,0.55098
43,BB,AA,32.38448421,24.14132743,6.326602087,12.30263607,10.47484207,14.81922736,28.822891,29.597107,2.462,3.586234,32.433415,1.614073443,3.461651898,94.06551815,7.234034636,1.196256324,90.57193836,20.19794932,5.977279312,39.71694733,31.96722249,34.27653865,2.919527051,1.954239397,9.451664134,46.82378512,32.15329671,2.84647919,34.33615487,28.82114307,0.745459686,0.54755398,1.706787981,0.6012
44,AA,AA,30.38728455,21.32369325,5.157495218,10.42908308,11.26554283,18.36981927,29.247318,33.89466,2.45,3.737064,26.792972,1.038862172,2.597093882,95.40940262,7.722083137,0.707233899,89.78900865,17.00843265,5.344636226,39.25061009,33.40816692,31.98322006,3.436677982,2.560781155,7.157824405,53.72918656,30.69425699,2.572652843,32.6218293,31.58111883,0.701730792,0.414486174,2.250569677,0.395475
45,AA,BB,30.96773792,20.97749302,6.225050797,12.14147852,10.65223869,18.30958524,30.20782,36.358315,2.984,2.962434,26.029426,1.861203081,2.025783746,95.02818985,8.187260652,0.622738408,89.86612378,17.60954755,2.942339145,41.12516601,34.195268,31.55065929,3.76063444,1.560905902,7.929638761,53.4809106,31.7906272,1.93829712,33.04975082,30.06909149,0.6773983,0.226838396,3.029134825,0.22455
48,AA,BB,35.8962433,21.64421335,6.17633559,10.80298562,8.034892199,17.50830777,28.225798,33.554988,2.558,3.22925,31.009181,1.42263978,1.906635962,95.94563733,7.817324167,0.68174043,90.47090177,20.36087009,5.33628688,41.23800513,31.35243762,30.93421892,3.075903199,1.258527772,6.98384206,58.26635284,30.34797734,1.840993342,34.44396906,29.46730312,0.602965975,0.403609275,1.50139721,0.342375
49,BB,BB,33.46389269,20.40354052,5.042381575,12.03989913,9.512680785,17.89773762,29.287844,33.585851,2.626,3.402214,31.986321,1.661711336,2.569971573,94.68870793,7.664765509,0.753061221,90.5683398,20.69966417,5.826944141,40.46458412,32.5729707,32.19894291,3.322238082,1.247404733,6.677956779,57.35611741,31.46703829,2.500017762,34.06711395,28.84471587,0.609718084,0.474731297,1.895017869,0.4528
51,AA,AA,31.5388453,21.08343584,5.005532317,13.05369578,11.59886385,16.10816958,29.797407,30.555959,2.168,3.348214,34.205719,2.168364285,3.345902951,94.71796612,7.653114312,1.085868108,90.1358591,20.17626367,7.246072603,38.85013885,34.43016046,30.63440576,3.793019303,1.75683696,8.49209085,57.6768419,32.16341706,2.753878135,33.12492026,30.06273001,0.668491051,0.515098596,1.699349427,0.49195
52,BB,AA,32.30742941,21.99893243,5.136566852,12.54093296,10.12999952,17.68090021,29.755619,30.234147,2.424,3.230473,32.816958,1.863342556,2.754797452,94.54124223,7.790733782,0.639857629,90.38579787,21.11566581,5.79686292,39.53995618,33.20638929,32.72228942,2.940251989,1.447998969,5.925555227,56.89765723,32.21149535,2.79652364,33.82250048,27.90475598,0.680924878,0.574696141,1.550197127,0.644775
53,BB,BB,33.32366473,21.92367468,4.735607837,11.34333028,10.59210761,18.08161486,30.709975,34.900493,2.2075,3.431446,27.389231,1.559515959,2.617679877,94.98958188,7.350447559,0.924463629,90.9336549,19.0443939,4.960688015,39.04024596,35.13739658,31.97710498,2.567119754,1.571250726,8.037208065,53.14244424,31.11995298,2.279154268,32.21022014,31.44421306,0.65790107,0.448410865,1.951408832,0.450275
54,AA,BB,34.73026689,23.19095429,4.648840328,11.54278298,10.18212759,15.73328751,31.315025,33.135158,2.438,3.459369,26.669243,1.550717702,3.097300065,94.18621228,7.544265118,0.901333565,90.57429184,18.72623653,6.1799851,39.67654152,33.28544839,33.17272167,2.799822421,1.50184542,7.151105794,55.32232451,31.93613548,3.214667868,33.87019951,28.37368473,0.667744776,0.528320422,1.572566582,0.521125
55,AA,BB,31.23320457,17.9423212,5.265109762,12.92428302,10.79132874,17.7792328,28.687564,35.634501,2.388,2.678499,33.156155,1.574078326,2.155412673,95.51343227,8.571438021,0.79161606,89.64124022,24.22495895,3.018757858,35.73815235,37.79697492,36.7696337,2.970881492,1.604717038,9.112819876,48.76038712,33.69543199,1.581198559,32.48970508,30.79567245,0.574463026,0.327193688,1.916221903,0.279
57,AA,AA,32.14886466,23.23800678,4.61855061,11.46939225,10.06967967,17.91529115,31.464965,31.542263,2.438,3.454067,29.7326,1.835705929,2.310833942,94.61595159,7.406461547,0.666365652,91.06700643,20.702452,5.747258928,37.62419016,35.1121293,35.23209291,3.003403647,1.714094506,7.52188888,51.78585798,31.94999228,2.542305581,33.14456246,30.55944355,0.722825115,0.561949307,1.924147188,0.634775
58,BB,AA,34.21221743,23.41349303,5.209067968,11.58312602,9.074686424,14.95717981,30.517206,31.347442,2.029819711,3.152069,30.139019,1.828295501,2.552630141,94.73713035,8.10547115,0.675937145,90.11067669,20.39827512,6.700415659,39.29249282,32.75311695,33.67677982,2.962996715,2.596047337,6.940444167,48.87099654,31.93305089,3.069618887,34.35410677,28.07152702,0.684360582,0.550916116,1.390249373,0.5364
59,AA,BB,31.87628616,22.34905108,5.194246743,11.05771356,10.73179797,17.13120747,30.58996,34.857874,2.452,3.34394,27.027103,1.118897285,2.355150512,95.27346095,7.526984301,0.546102847,90.76594561,18.72997965,5.339744929,39.08885269,34.27213396,33.0016762,3.287568979,1.74157568,5.927626833,54.44758075,31.93448358,2.825979199,33.65564041,29.15058326,0.70111841,0.408892122,1.613345443,0.342025
60,BB,AA,34.19804593,22.34272756,5.241699564,12.12958078,11.26816797,16.08870496,30.108498,30.411902,2.37,3.55296,29.820798,1.735676339,2.654541443,94.73247518,8.364579018,0.611180179,89.6138704,18.00453509,6.579525336,37.79978764,34.12071396,35.43805009,2.917667332,1.877489822,6.267686148,49.91192961,30.95785399,3.594453679,31.74403194,31.3803322,0.653333457,0.600081118,1.443869062,0.686375
63,BB,BB,32.26542969,23.33781987,5.454827345,12.34332332,9.876842185,16.34350656,29.6044,33.695317,2.391666667,2.949847,30.034041,1.116706314,1.972462259,96.15078037,9.378543854,0.561783954,89.90537244,22.29861354,5.507707717,38.40397488,33.5304797,35.0782763,2.933694582,1.948794417,8.562403888,51.83142911,31.54677539,2.413974365,33.58349004,29.60662994,0.72330727,0.476495858,1.504057398,0.42745
64,BB,AA,31.16363368,21.51152293,5.308976359,12.09017278,11.81523493,16.33316342,30.765126,31.379186,2.672,3.852137,29.822186,1.495362362,2.308590865,95.01141684,9.0345398,0.572840007,88.93752915,19.04779399,6.62861297,38.47421058,33.31482034,33.47570519,2.898430004,1.660062067,6.529994787,52.27921782,31.58836352,3.287493577,32.75869603,30.16719196,0.690276466,0.574784657,1.454741216,0.61785
66,AA,BB,32.20920214,22.81547494,4.815220472,12.37165281,11.01782761,16.33002763,30.045682,30.755745,2.501666667,3.561667,29.369482,1.62188764,2.671924696,94.4337102,8.225542531,0.799740756,89.94160023,19.47204057,5.18913701,40.9603417,31.12051258,32.47405716,2.961113068,1.439156595,5.823137967,50.73191341,30.47119272,2.458335524,33.81801614,30.92858716,0.708352689,0.517624055,1.357339256,0.477125
67,AA,AA,32.10764587,21.83955893,5.36048429,11.9407845,10.18366565,17.4233832,29.721554,33.335109,2.558,3.909709,28.717672,1.493460806,2.954162945,94.55505474,7.557708441,0.87655729,90.61181433,19.11913351,5.581155429,39.35857339,32.99526563,29.8018642,2.146605843,1.456816822,6.104213196,50.3190378,32.18531946,2.81845511,32.83663305,30.99435052,0.680198076,0.518245087,1.682592403,0.54168
68,AA,AA,29.90312394,22.41776152,4.678847344,11.86559388,11.52489323,,31.745203,30.850208,2.8825,3.77033,26.577467,1.471221208,2.816027363,95.05479002,7.286346075,1.130556733,90.7724056,18.80853427,1.611899835,41.94240092,35.38051969,33.7961201,2.293298671,,9.821903627,,30.13135612,3.385730857,35.95414522,28.57388959,0.749679584,,,
69,BB,AA,32.95673518,24.04651739,4.959439504,12.28155531,11.40212649,15.07787957,32.019534,29.561222,2.07,3.820303,27.791488,1.578633028,3.285295528,94.31789142,7.440792571,0.847720503,90.82428769,19.42148689,1.159974616,38.48566644,33.10840208,34.04812651,2.737590804,1.55890563,6.8551682,51.4489936,31.47105042,,35.07928731,30.29646529,0.729638942,0.578801056,1.636164984,0.596875
70,AA,AA,31.68460215,21.91588721,5.789729673,13.35921711,11.53486392,16.36309537,30.429751,29.829155,2.134,3.548009,31.262848,1.618747859,2.794788137,94.03175412,7.545911922,0.846869618,90.80075821,18.85368058,1.829204551,40.13567636,33.37914538,36.84134346,3.018749319,1.890940659,8.189330637,45.25559892,29.04109706,2.432755984,35.35406766,30.63762829,0.691688887,0.608034178,1.410004249,0.67135
71,BB,BB,30.48849715,22.30368972,5.861094588,13.11508603,13.44414202,16.47587226,30.001313,31.772475,2.014,3.501103,30.955923,1.446986558,3.032863308,94.85477155,7.916705713,0.757600985,90.09356947,18.97039813,3.131911787,38.63022009,33.26673238,36.91255601,3.329099418,1.551501481,6.925290841,50.35979785,28.42920226,3.064098241,33.52727719,33.41523699,0.731544412,0.462558033,2.077479762,0.467225
72,BB,AA,30.48295137,23.24611551,5.20028197,12.69084402,11.37077105,17.44654166,29.367291,30.625117,2.104,3.550764,33.110521,1.59475638,2.924935909,94.21415905,7.499624375,0.6692944,90.80988499,20.63578237,2.2712918,39.72102748,34.84215679,32.5629817,2.733045021,2.032143507,7.521830557,49.6730383,28.56316652,2.579752355,33.82071648,31.30081934,0.76259399,0.569915102,1.424321427,0.5823
75,AA,AA,31.89434006,22.69065128,5.519763889,10.17585211,10.66509328,17.25081007,31.261054,33.417362,2.162,3.369515,27.653108,1.216945832,3.238424781,94.5050554,8.10087795,0.724850161,89.78413864,22.42797814,2.611769825,38.86845301,35.09566745,36.55017855,2.624153584,1.80317009,8.042262524,45.81278808,31.42907472,2.450128533,33.36745169,29.99803837,0.71143191,0.407946222,2.166325863,0.371525
77,BB,BB,33.83098372,21.27239612,5.764422529,11.47254704,11.59459127,17.07873291,27.543933,31.859491,2.22,3.149396,33.86356,1.797507851,2.891705308,94.646916,9.161643702,1.209107561,88.42613724,22.96905636,2.972954027,38.43027267,34.16108663,36.79750138,2.862877087,1.688736864,8.212834135,49.86974088,29.91585158,2.04317886,31.48356537,32.95073845,0.628784439,0.479656993,1.474839657,0.43725
78,AA,BB,30.6999127,20.49209271,5.735121808,12.1772839,13.19698599,17.12712419,31.086107,33.925094,2.5725,3.634206,28.114487,2.361399929,3.578064203,94.29246686,10.29879364,0.780438172,86.80781499,22.21441477,3.760022851,36.05243334,36.74717669,34.61557658,3.056502325,,4.677946772,51.50238672,31.23353858,1.628064684,30.22326297,33.62553368,0.667496775,0.458536638,1.557228962,0.452325
79,BB,BB,32.37182171,23.33122858,5.002193438,11.05355608,12.60444096,15.98490537,28.237122,35.488379,2.116,2.997184,26.695893,1.56120248,2.950979035,95.04195368,8.565644317,0.758769666,89.49647967,20.45877989,3.525366664,39.99862514,32.68360331,33.28148455,3.172699772,1.686017627,4.837873683,49.3398855,30.51272907,2.564081612,33.62921501,30.6317938,0.720726464,0.41188916,1.599865936,0.385275
81,BB,BB,36.28485212,21.97159803,4.50323207,10.36504049,10.1005577,16.77471959,29.875143,31.565662,2.188,3.500715,25.005205,1.244187586,3.202713812,95.17721773,7.83910507,0.843611997,91.24863875,18.72866503,2.600209672,39.29709716,33.66145274,30.05818321,2.796806914,1.42594925,6.429969039,48.1200143,29.97090022,,34.86642115,32.18425689,0.605530869,0.535869828,1.401353233,0.54555
82,BB,BB,32.83194858,22.76050082,4.993835393,11.02528933,12.07247056,15.86584472,31.316545,29.362971,2.31,3.815075,28.382382,1.469126543,3.211330468,94.46854642,7.649430481,1.013111157,90.11438815,19.77617361,2.321283496,40.1518973,31.98856682,32.17016957,2.951199786,1.690618261,5.993933575,49.6897102,31.14120262,2.032026176,34.296578,30.33783264,0.693242461,0.565716102,1.570590324,0.61385
83,BB,BB,31.36659531,22.5700865,5.449120923,10.98935396,13.07111512,15.91679364,30.023471,32.556103,2.258,3.297,32.385522,1.436715496,2.552190049,95.17248244,8.767949332,0.780078818,88.80031226,18.27163371,3.068507309,41.15414079,30.8321998,33.76302269,2.796677635,1.915970902,4.923324848,44.49602222,27.90314682,3.396582642,34.59859358,30.91365484,0.719558061,0.517986369,1.539264405,0.534375
84,BB,AA,32.0140949,21.76413677,6.459456179,11.95353798,11.60184494,15.52683797,28.630776,30.325687,2.37,3.301474,33.681532,1.391486721,2.482061839,95.18374737,7.255214111,0.68253973,90.82711873,17.6991744,3.708309593,40.03252133,33.56600371,31.94659372,3.111823227,2.188595449,7.012131433,,29.011229,,33.95171301,33.79563739,0.679829832,0.519283205,1.499635542,0.5274
86,BB,-,27.95719482,22.91981501,6.137738715,11.2011787,11.74216517,17.70971073,29.764669,30.979393,2.282,3.517699,33.863064,1.52769951,1.96787696,95.43208887,7.082432886,0.611540208,91.09048511,18.17927626,3.593985078,39.29988548,33.80076329,31.4203175,2.900167298,1.644565995,4.322811862,47.28115192,25.93741942,2.482324295,32.45239673,33.67773404,0.819818124,0.503606713,1.574087945,0.508325
87,BB,BB,31.75548653,24.15228728,6.066075992,11.34153884,11.72962865,16.92035067,28.031397,33.377057,2.356,3.286038,26.414511,1.383901355,2.074943165,95.62352978,7.33293159,0.569867349,91.20478089,18.33946535,3.296068678,39.95165865,33.24981794,29.94771976,2.715787676,2.180229267,8.538102364,46.42624487,28.82020502,2.733177857,35.12310623,30.15989968,0.760570532,0.480036664,1.451878932,0.4704
88,BB,AA,32.36000962,23.48228007,5.419729523,11.05928721,13.22328507,16.23945557,28.66862,30.552316,2.4725,3.684348,31.542393,1.483702648,2.328385821,95.35944839,7.406600045,0.691193788,90.50789175,19.94132875,3.454200405,37.10481615,32.61540042,32.75449445,3.196404228,1.158060887,5.000517977,40.00130517,33.39205363,2.624219297,30.74685953,32.24809949,0.725657388,0.56474477,1.437574262,0.60385
89,AA,AA,32.60145444,22.08008735,5.730109215,11.53298303,12.86797943,15.61045482,28.03527,35.349284,2.608,3.196255,32.318715,1.266793639,2.09802375,96.37638931,7.594696991,0.654534453,90.41625108,21.09377929,3.610761609,46.43858868,29.19530386,32.39854699,3.58205156,1.865421284,5.984020976,45.23099142,30.23948899,2.809322088,35.00820138,28.89498946,0.677273077,0.337746608,2.127924468,0.36545
90,BB,AA,30.51024634,21.59866879,5.014075427,11.01535225,12.53560119,16.52952859,33.721634,33.802351,2.332,4.07,22.347372,1.344793424,2.99149431,94.82798474,10.84634828,0.945424562,87.42559267,20.66655294,3.287781938,43.73393438,32.68250477,31.94621037,2.93439563,1.645903499,2.89495529,47.82529451,31.0817944,2.834671981,30.79494473,32.28251405,0.707915254,0.518046212,1.55507605,0.53865
92,AA,AA,31.61969257,22.71805873,6.024498459,10.85926177,13.11063525,15.1998763,32.545786,33.513118,2.738,2.980605,25.439815,1.438496515,2.320723308,95.07463002,11.3403134,0.73209987,87.09695614,19.29071701,1.363438128,45.25336224,32.4871415,37.05187606,3.645906208,2.453536264,6.612751478,37.86449223,27.89021929,2.785932235,33.08892116,31.84514444,0.718478166,0.486502185,1.503458061,0.46595
97,AA,AA,31.99261035,25.20072024,5.322030399,11.6274246,10.81137554,16.39092307,31.095417,29.876395,2.756,3.149301,31.752516,1.29598917,2.16653474,95.77795333,7.263805424,0.771497331,91.13346297,20.37210754,1.033554693,39.91364902,32.3083234,36.78542166,2.900583681,2.37607315,5.651162134,47.29350233,28.50398644,2.945367955,34.24739762,30.68146102,0.787704409,0.544827814,1.479172468,0.563525
98,BB,AA,32.81484665,23.32388862,5.827597832,10.96422217,10.21691124,16.62618447,29.96578,31.675211,2.648,4.044972,25.427831,1.479844125,2.115970566,94.99411201,8.377184668,0.726752127,89.75434271,20.08831892,1.049876855,39.5274511,32.14001263,32.57473201,3.487767059,2.24642012,5.470445139,45.79241113,31.36262187,3.457687181,33.22867486,28.01390683,0.71077244,0.550780073,1.380701298,0.551475
99,AA,AA,28.84192156,25.92284439,5.462923882,11.84579939,11.66032812,16.33262475,30.136767,33.930975,2.538,3.503297,29.932633,1.412128819,2.35528694,95.61900531,7.608720621,0.723025606,90.5529181,19.43539012,1.029082349,38.70627088,32.06012128,33.31798629,2.998240262,2.109828838,5.993163768,42.19247232,31.65021808,2.656222133,32.97897164,28.12516359,0.898790475,0.46663321,1.655905581,0.456225
100,BB,BB,32.18122138,22.88733585,5.140633664,10.86608555,12.18932072,16.90709627,31.491472,30.820903,2.386,4.317582,27.987773,1.494596703,2.203496659,95.24473283,9.351790104,0.695058436,87.7022704,20.72639425,1.073125774,40.1141317,33.44634673,36.5276689,2.746085898,1.854197432,6.513033885,44.03407808,30.56881776,2.29380808,32.64225382,32.38546796,0.711201591,0.572088624,1.308820918,0.59685
103,AA,AA,29.23459927,22.34830594,4.612712715,11.77138759,11.86026703,18.48659475,31.569678,36.463597,2.396,2.763522,29.20995,1.507359339,2.091662179,95.24283351,7.69467342,0.785183346,90.44040447,20.13590695,1.373866033,36.8719165,37.49207583,32.98420592,2.617443498,0.913574567,6.301274323,44.15066357,30.76373372,2.022272756,30.19378332,34.47776221,0.764447145,0.309041634,2.382692789,0.335125
104,BB,BB,32.50361634,21.64837348,5.369195422,12.01329272,12.66596436,14.84931563,32.467465,31.630197,2.795,3.481331,28.452238,1.508207732,2.225807648,95.13933523,9.26520768,0.657417155,88.92576684,21.74669742,1.085447288,38.15288471,31.18858423,38.91448746,4.403668344,2.248959326,7.204325433,44.38272747,31.76020593,2.800684413,33.71896507,29.2228648,0.666029689,0.496922128,1.192598683,0.43825
105,AA,BB,31.33519544,21.76017934,4.782562592,11.52681229,12.25713792,16.1623384,35.498614,33.512794,2.876850087,3.335135,22.190188,1.820946216,2.908227072,94.69021618,7.299560087,0.780620273,90.76628108,18.18661402,1.24642751,39.22866711,34.1526979,35.55224974,4.086233931,2.106917692,7.954627169,41.98248041,31.65085058,2.171420785,32.02485017,29.7613523,0.694432539,0.457624632,1.560303105,0.45055
107,AA,AA,33.15406447,21.60071253,4.805140701,11.48541824,11.18854299,17.56952974,30.806537,33.093193,2.344,3.290848,28.162599,1.543349297,2.784487715,95.56901165,7.236406688,0.720180985,91.29576904,18.26520352,1.647317188,39.50358488,30.82453077,36.44716932,3.771580738,1.701423563,7.255468582,51.27002149,30.66328756,,31.68205581,31.56521584,0.651525322,0.516774385,1.534136722,0.525175
108,AA,BB,31.47071186,21.58973228,5.085512445,11.50319645,11.42975833,18.81448242,31.283886,35.034117,2.944,2.628755,26.359714,1.684787475,2.307905289,95.52183398,7.278283585,0.506200826,91.0614868,18.81635859,1.318632309,40.15737672,33.96596899,35.82333203,4.080486145,1.841019912,7.275029166,46.06718547,32.66178236,1.92635783,32.60958678,30.46893986,0.686026181,0.286142301,1.996232163,0.271225
109,BB,AA,31.06630152,24.84316028,4.978755635,9.811168714,11.65030032,18.34799486,35.738846,31.501984,2.757200157,3.836903,27.163424,1.378519148,2.883506357,95.57369077,8.32901801,0.892428819,88.26142532,19.62210906,1.69592031,35.97237293,36.23677589,34.65125326,3.438800581,2.135063089,7.3505168,46.98404109,32.36806879,2.101505072,30.57583959,32.60498097,0.79968194,0.566808473,1.574514476,0.61505
111,BB,AA,33.56494125,23.04925197,4.879458056,11.88984141,9.90801887,16.6948081,29.918113,30.610132,2.49,3.723707,29.896013,1.260820083,2.662637007,95.8393794,9.95827241,0.793100282,88.17636641,19.45604753,1.58076647,40.67364848,34.16164505,35.7837569,3.164714463,2.412704176,8.158255852,,29.45711082,2.559436104,34.6715857,30.45589627,0.686706162,0.572712354,1.263460748,0.594675
112,BB,BB,32.69975343,21.55577489,5.421651617,9.279642682,11.00176896,16.72317444,29.762713,34.131765,2.402,3.620787,28.435369,1.304332278,2.610838356,95.82718877,6.711551602,0.747239872,92.01670855,19.8561971,1.345772154,41.72191604,34.24432265,35.41067892,3.087018612,1.843382179,6.132886079,49.59058606,30.11506953,2.20546603,34.21382414,30.01970642,0.65920298,0.47218712,1.323544988,0.433175
24-125B-1,BB,BB,31.08166125,22.67546586,5.776589889,11.90715466,10.38960568,17.1223443,32.05,35.64,2.92,2.96,25.08,1.62,2.11,95.32,10.21,0.63,87.45,18.89,4.21,37.69,36.96,36.42,3.53,1.46,7.43,50.41,35.7,2.13,30.55,29.59,0.729544849,0.346075213,1.937947276,0.353109091
CB27,AA,AA,34.3866612,24.66734676,4.845131564,10.57935922,10.62922797,16.66381128,30.7,32.34,2.21,3.74,29.52,1.49,2.94,95.23,7.74,0.89,89.67,18.46,5.64,39.38,34.42,33.73,3.13,1.96,8.52,52.65,32.86,2.8,33.37,29.12,0.717352191,0.550354134,1.443589316,0.560014286